Kode,Nama Perusahaan,Sektor Bisnis,Website,Social Media,Kontak
1,BEI: AALI,Astra Agro Lestari Tbk.,,[],
2,BEI: ABBA,Mahaka Media Tbk.,,[],
3,BEI: ABDA,Asuransi Bina Dana Arta Tbk.,,[],
4,BEI: ABMM,ABM Investama Tbk.,,[],
5,BEI: ACES,Aspirasi Hidup Indonesia Tbk.,,[],
6,BEI: ACRO,Samcro Hyosung Adilestari Tbk.,,[],
7,BEI: ACST,Acset Indonusa Tbk.,,[],
8,BEI: ADCP,Adhi Commuter Properti Tbk.,,[],
9,BEI: ADES,Akasha Wira International Tbk.,,[],
10,BEI: ADHI,Adhi Karya (Persero) Tbk.,,[],
11,BEI: ADMF,Adira Dinamika Multi Finance T,,[],
12,BEI: ADMG,Polychem Indonesia Tbk,,[],
13,BEI: ADMR,Adaro Minerals Indonesia Tbk.,,[],
14,BEI: ADRO,Alamtri Resources Indonesia Tb,,[],
15,BEI: AEGS,Anugerah Spareparts Sejahtera,,[],
16,BEI: AGAR,Asia Sejahtera Mina Tbk.,,[],
17,BEI: AGII,Samator Indo Gas Tbk.,,[],
18,BEI: AGRO,Bank Raya Indonesia Tbk.,,[],
19,BEI: AGRS,Bank IBK Indonesia Tbk.,,[],
20,BEI: AHAP,Asuransi Harta Aman Pratama Tbk.,,[],
21,BEI: AIMS,Artha Mahiya Investama Tbk.,,[],
22,BEI: AISA,FKS Food Sejahtera Tbk.,,[],
23,BEI: AKKU,Anugerah Kagum Karya Utama Tbk,,[],
24,BEI: AKPI,Argha Karya Prima Industry Tbk,,[],
25,BEI: AKRA,AKR Corporindo Tbk.,,[],
26,BEI: AKSI,Mineral Sumberdaya Mandiri Tbk,,[],
27,BEI: ALDO,Alkindo Naratama Tbk.,,[],
28,BEI: ALII,Ancara Logistics Indonesia Tbk,,[],
29,BEI: ALKA,Alakasa Industrindo Tbk,,[],
30,BEI: ALMI,Alumindo Light Metal Industry,,[],
31,BEI: ALTO,Tri Banyan Tirta Tbk.,,[],
32,BEI: AMAG,Asuransi Multi Artha Guna Tbk.,,[],
33,BEI: AMAN,Makmur Berkah Amanda Tbk.,,[],
34,BEI: AMAR,Bank Amar Indonesia Tbk.,,[],
35,BEI: AMFG,Asahimas Flat Glass Tbk.,,[],
36,BEI: AMIN,Ateliers Mecaniques D Indonesi,,[],
37,BEI: AMMN,Amman Mineral Internasional Tb,,[],
38,BEI: AMMS,Agung Menjangan Mas Tbk.,,[],
39,BEI: AMOR,Ashmore Asset Management Indon,,[],
40,BEI: AMRT,Sumber Alfaria Trijaya Tbk.,,[],
41,BEI: ANDI,Andira Agro Tbk.,,[],
42,BEI: ANJT,Austindo Nusantara Jaya Tbk.,,[],
43,BEI: ANTM,Aneka Tambang Tbk.,,[],
44,BEI: APEX,Apexindo Pratama Duta Tbk.,,[],
45,BEI: APIC,Pacific Strategic Financial Tb,,[],
46,BEI: APII,Arita Prima Indonesia Tbk.,,[],
47,BEI: APLI,Asiaplast Industries Tbk.,,[],
48,BEI: APLN,Agung Podomoro Land Tbk.,,[],
49,BEI: ARCI,Archi Indonesia Tbk.,,[],
50,BEI: AREA,Dunia Virtual Online Tbk.,,[],
51,BEI: ARGO,Argo Pantes Tbk,,[],
52,BEI: ARII,Atlas Resources Tbk.,,[],
53,BEI: ARKA,Arkha Jayanti Persada Tbk.,,[],
54,BEI: ARKO,Arkora Hydro Tbk.,,[],
55,BEI: ARMY,Armidian Karyatama Tbk.,,[],
56,BEI: ARNA,Arwana Citramulia Tbk.,,[],
57,BEI: ARTA,Arthavest Tbk,,[],
58,BEI: ARTI,Ratu Prabu Energi Tbk,,[],
59,BEI: ARTO,Bank Jago Tbk.,,[],
60,BEI: ASBI,Asuransi Bintang Tbk.,,[],
61,BEI: ASDM,Asuransi Dayin Mitra Tbk.,,[],
62,BEI: ASGR,Astra Graphia Tbk.,,[],
63,BEI: ASHA,Cilacap Samudera Fishing Indus,,[],
64,BEI: ASII,Astra International Tbk.,,[],
65,BEI: ASJT,Asuransi Jasa Tania Tbk.,,[],
66,BEI: ASLC,Autopedia Sukses Lestari Tbk.,,[],
67,BEI: ASLI,Asri Karya Lestari Tbk.,,[],
68,BEI: ASMI,Asuransi Maximus Graha Persada,,[],
69,BEI: ASPI,Andalan Sakti Primaindo Tbk.,,[],
70,BEI: ASRI,Alam Sutera Realty Tbk.,,[],
71,BEI: ASRM,Asuransi Ramayana Tbk.,,[],
72,BEI: ASSA,Adi Sarana Armada Tbk.,,[],
73,BEI: ATAP,Trimitra Prawara Goldland Tbk.,,[],
74,BEI: ATIC,Anabatic Technologies Tbk.,,[],
75,BEI: ATLA,Atlantis Subsea Indonesia Tbk.,,[],
76,BEI: AUTO,Astra Otoparts Tbk.,,[],
77,BEI: AVIA,Avia Avian Tbk.,,[],
78,BEI: AWAN,Era Digital Media Tbk.,,[],
79,BEI: AXIO,Tera Data Indonusa Tbk.,,[],
80,BEI: AYAM,Janu Putra Sejahtera Tbk.,,[],
81,BEI: AYLS,Agro Yasa Lestari Tbk.,,[],
82,BEI: PTBA,Bukit Asam Tbk.,,[],
83,BEI: BABP,Bank MNC Internasional Tbk.,,[],
84,BEI: BABY,Multitrend Indo Tbk.,,[],
85,BEI: BACA,Bank Capital Indonesia Tbk.,,[],
86,BEI: BAIK,Bersama Mencapai Puncak Tbk.,,[],
87,BEI: BAJA,Saranacentral Bajatama Tbk.,,[],
88,BEI: BALI,Bali Towerindo Sentra Tbk.,,[],
89,BEI: BANK,Bank Aladin Syariah Tbk.,,[],
90,BEI: BAPA,Bekasi Asri Pemula Tbk.,,[],
91,BEI: BAPI,Bhakti Agung Propertindo Tbk.,,[],
92,BEI: BATA,Sepatu Bata Tbk.,,[],
93,BEI: BATR,Benteng Api Technic Tbk.,,[],
94,BEI: BAUT,Mitra Angkasa Sejahtera Tbk.,,[],
95,BEI: BAYU,Bayu Buana Tbk,,[],
96,BEI: BBCA,Bank Central Asia Tbk.,,[],
97,BEI: BBHI,Allo Bank Indonesia Tbk.,,[],
98,BEI: BBKP,Bank KB Bukopin Tbk.,,[],
99,BEI: BBLD,Buana Finance Tbk.,,[],
100,BEI: BBMD,Bank Mestika Dharma Tbk.,,[],
101,BEI: BBNI,Bank Negara Indonesia (Persero) Tbk.,,[],
102,BEI: BBRI,Bank Rakyat Indonesia (Persero) Tbk.,,[],
103,BEI: BBRM,Pelayaran Nasional Bina Buana,,[],
104,BEI: BBSI,Krom Bank Indonesia Tbk.,,[],
105,BEI: BBSS,Bumi Benowo Sukses Sejahtera T,,[],
106,BEI: BBTN,Bank Tabungan Negara (Persero),,[],
107,BEI: BBYB,Bank Neo Commerce Tbk.,,[],
108,BEI: BCAP,MNC Kapital Indonesia Tbk.,,[],
109,BEI: BCIC,Bank JTrust Indonesia Tbk.,,[],
110,BEI: BCIP,Bumi Citra Permai Tbk.,,[],
111,BEI: BDKR,Berdikari Pondasi Perkasa Tbk.,,[],
112,BEI: BDMN,Bank Danamon Indonesia Tbk.,,[],
113,BEI: BEBS,Berkah Beton Sadaya Tbk.,,[],
114,BEI: BEEF,Estika Tata Tiara Tbk.,,[],
115,BEI: BEER,Jobubu Jarum Minahasa Tbk.,,[],
116,BEI: BEKS,Bank Pembangunan Daerah Banten,,[],
117,BEI: BELI,Global Digital Niaga Tbk.,,[],
118,BEI: BELL,Trisula Textile Industries Tbk,,[],
119,BEI: BESS,Batulicin Nusantara Maritim Tb,,[],
120,BEI: BEST,Bekasi Fajar Industrial Estate,,[],
121,BEI: BFIN,BFI Finance  Indonesia Tbk.,,[],
122,BEI: BGTG,Bank Ganesha Tbk.,,[],
123,BEI: BHAT,Bhakti Multi Artha Tbk.,,[],
124,BEI: BHIT,MNC Asia Holding Tbk.,,[],
125,BEI: BIKA,Binakarya Jaya Abadi Tbk.,,[],
126,BEI: BIKE,Sepeda Bersama Indonesia Tbk.,,[],
127,BEI: BIMA,Primarindo Asia Infrastructure,,[],
128,BEI: BINA,Bank Ina Perdana Tbk.,,[],
129,BEI: BINO,Perma Plasindo Tbk.,,[],
130,BEI: BIPI,Astrindo Nusantara Infrastrukt,,[],
131,BEI: BIPP,Bhuwanatala Indah Permai Tbk.,,[],
132,BEI: BIRD,Blue Bird Tbk.,,[],
133,BEI: BISI,BISI International Tbk.,,[],
134,BEI: BJBR,Bank Pembangunan Daerah Jawa B,,[],
135,BEI: BJTM,Bank Pembangunan Daerah Jawa T,,[],
136,BEI: BKDP,Bukit Darmo Property Tbk.,,[],
137,BEI: BKSL,Sentul City Tbk.,,[],
138,BEI: BKSW,Bank QNB Indonesia Tbk.,,[],
139,BEI: BLES,Superior Prima Sukses Tbk.,,[],
140,BEI: BLTA,Berlian Laju Tanker Tbk,,[],
141,BEI: BLTZ,Graha Layar Prima Tbk.,,[],
142,BEI: BLUE,Berkah Prima Perkasa Tbk.,,[],
143,BEI: BMAS,Bank Maspion Indonesia Tbk.,,[],
144,BEI: BMBL,Lavender Bina Cendikia Tbk.,,[],
145,BEI: BMHS,Bundamedik Tbk.,,[],
146,BEI: BMRI,Bank Mandiri (Persero) Tbk.,,[],
147,BEI: BMSR,Bintang Mitra Semestaraya Tbk,,[],
148,BEI: BMTR,Global Mediacom Tbk.,,[],
149,BEI: BNBA,Bank Bumi Arta Tbk.,,[],
150,BEI: BNBR,Bakrie & Brothers Tbk,,[],
151,BEI: BNGA,Bank CIMB Niaga Tbk.,,[],
152,BEI: BNII,Bank Maybank Indonesia Tbk.,,[],
153,BEI: BNLI,Bank Permata Tbk.,,[],
154,BEI: BOAT,Newport Marine Services Tbk.,,[],
155,BEI: BOBA,Formosa Ingredient Factory Tbk,,[],
156,BEI: BOGA,Bintang Oto Global Tbk.,,[],
157,BEI: BOLA,Bali Bintang Sejahtera Tbk.,,[],
158,BEI: BOLT,Garuda Metalindo Tbk.,,[],
159,BEI: BOSS,Borneo Olah Sarana Sukses Tbk.,,[],
160,BEI: BPFI,Woori Finance Indonesia Tbk.,,[],
161,BEI: BPII,Batavia Prosperindo Internasio,,[],
162,BEI: BPTR,Batavia Prosperindo Trans Tbk.,,[],
163,BEI: BRPT,Barito Pacific Tbk.,,[],
164,BEI: BRAM,Indo Kordsa Tbk.,,[],
165,BEI: BREN,Barito Renewables Energy Tbk.,,[],
166,BEI: BRIS,Bank Syariah Indonesia Tbk.,,[],
167,BEI: BRMS,Bumi Resources Minerals Tbk.,,[],
168,BEI: BRNA,Berlina Tbk.,,[],
169,BEI: BSBK,Wulandari Bangun Laksana Tbk.,,[],
170,BEI: BSDE,Bumi Serpong Damai Tbk.,,[],
171,BEI: BSIM,Bank Sinarmas Tbk.,,[],
172,BEI: BSML,Bintang Samudera Mandiri Lines,,[],
173,BEI: BSSR,Baramulti Suksessarana Tbk.,,[],
174,BEI: BSWD,Bank Of India Indonesia Tbk.,,[],
175,BEI: BTEK,Bumi Teknokultura Unggul Tbk,,[],
176,BEI: BTEL,Bakrie Telecom Tbk.,,[],
177,BEI: BTON,Betonjaya Manunggal Tbk.,,[],
178,BEI: BTPN,Bank SMBC Indonesia Tbk.,,[],
179,BEI: BTPS,Bank BTPN Syariah Tbk.,,[],
180,BEI: BUAH,Segar Kumala Indonesia Tbk.,,[],
181,BEI: BUDI,Budi Starch & Sweetener Tbk.,,[],
182,BEI: BUKA,Bukalapak.com Tbk.,,[],
183,BEI: BUKK,Bukaka Teknik Utama Tbk.,,[],
184,BEI: BULL,Buana Lintas Lautan Tbk.,,[],
185,BEI: BUMI,Bumi Resources Tbk.,,[],
186,BEI: BUVA,Bukit Uluwatu Villa Tbk.,,[],
187,BEI: BVIC,Bank Victoria International Tb,,[],
188,BEI: BWPT,Eagle High Plantations Tbk.,,[],
189,BEI: BYAN,Bayan Resources Tbk.,,[],
190,BEI: CAKK,Cahayaputra Asa Keramik Tbk.,,[],
191,BEI: CAMP,Campina Ice Cream Industry Tbk,,[],
192,BEI: CANI,Capitol Nusantara Indonesia Tb,,[],
193,BEI: CARE,Metro Healthcare Indonesia Tbk,,[],
194,BEI: CARS,Industri dan Perdagangan Bintr,,[],
195,BEI: CASA,Capital Financial Indonesia Tb,,[],
196,BEI: CASH,Cashlez Worldwide Indonesia Tb,,[],
197,BEI: CASS,Cardig Aero Services Tbk.,,[],
198,BEI: CBMF,Cahaya Bintang Medan Tbk.,,[],
199,BEI: CBPE,Citra Buana Prasida Tbk.,,[],
200,BEI: CBRE,Cakra Buana Resources Energi T,,[],
201,BEI: CBUT,Citra Borneo Utama Tbk.,,[],
202,BEI: CCSI,Communication Cable Systems In,,[],
203,BEI: CEKA,Wilmar Cahaya Indonesia Tbk.,,[],
204,BEI: CENT,Centratama Telekomunikasi Indo,,[],
205,BEI: CFIN,Clipan Finance Indonesia Tbk.,,[],
206,BEI: CGAS,Citra Nusantara Gemilang Tbk.,,[],
207,BEI: CHEM,Chemstar Indonesia Tbk.,,[],
208,BEI: CHIP,Pelita Teknologi Global Tbk.,,[],
209,BEI: CINT,Chitose Internasional Tbk.,,[],
210,BEI: CITA,Cita Mineral Investindo Tbk.,,[],
211,BEI: CITY,Natura City Developments Tbk.,,[],
212,BEI: CLAY,Citra Putra Realty Tbk.,,[],
213,BEI: CLEO,Sariguna Primatirta Tbk.,,[],
214,BEI: CLPI,Colorpak Indonesia Tbk.,,[],
215,BEI: CMNP,Citra Marga Nusaphala Persada,,[],
216,BEI: CMNT,Cemindo Gemilang Tbk.,,[],
217,BEI: CMPP,AirAsia Indonesia Tbk.,,[],
218,BEI: CMRY,Cisarua Mountain Dairy Tbk.,,[],
219,BEI: CNKO,Exploitasi Energi Indonesia Tb,,[],
220,BEI: CNMA,Nusantara Sejahtera Raya Tbk.,,[],
221,BEI: CNTX,Century Textile Industry Tbk.,,[],
222,BEI: COAL,Black Diamond Resources Tbk.,,[],
223,BEI: COCO,Wahana Interfood Nusantara Tbk,,[],
224,BEI: COWL,Cowell Development Tbk.,,[],
225,BEI: CPIN,Charoen Pokphand Indonesia Tbk,,[],
226,BEI: CPRI,Capri Nusa Satu Properti Tbk.,,[],
227,BEI: CPRO,Central Proteina Prima Tbk.,,[],
228,BEI: CRAB,Toba Surimi Industries Tbk.,,[],
229,BEI: CRSN,Carsurin Tbk.,,[],
230,BEI: CSAP,Catur Sentosa Adiprana Tbk.,,[],
231,BEI: CSIS,Cahayasakti Investindo Sukses,,[],
232,BEI: CSMI,Cia Selera Murni Tbk.,,[],
233,BEI: CSRA,Cisadane Sawit Raya Tbk.,,[],
234,BEI: CTBN,Citra Tubindo Tbk.,,[],
235,BEI: CTRA,Ciputra Development Tbk.,,[],
236,BEI: CTTH,Citatah Tbk.,,[],
237,BEI: CUAN,Petrindo Jaya Kreasi Tbk.,,[],
238,BEI: CYBR,ITSEC Asia Tbk.,,[],
239,BEI: DAAZ,Daaz Bara Lestari Tbk.,,[],
240,BEI: DADA,Diamond Citra Propertindo Tbk.,,[],
241,BEI: DART,Duta Anggada Realty Tbk.,,[],
242,BEI: DATA,Remala Abadi Tbk.,,[],
243,BEI: DAYA,Duta Intidaya Tbk.,,[],
244,BEI: DCII,DCI Indonesia Tbk.,,[],
245,BEI: DEAL,Dewata Freightinternational Tb,,[],
246,BEI: DEFI,Danasupra Erapacific Tbk.,,[],
247,BEI: DEPO,Caturkarda Depo Bangunan Tbk.,,[],
248,BEI: DEWA,Darma Henwa Tbk,,[],
249,BEI: DEWI,Dewi Shri Farmindo Tbk.,,[],
250,BEI: DFAM,Dafam Property Indonesia Tbk.,,[],
251,BEI: DGIK,Nusa Konstruksi Enjiniring Tbk,,[],
252,BEI: DGNS,Diagnos Laboratorium Utama Tbk,,[],
253,BEI: DIGI,Arkadia Digital Media Tbk.,,[],
254,BEI: DILD,Intiland Development Tbk.,,[],
255,BEI: DIVA,Distribusi Voucher Nusantara T,,[],
256,BEI: DKFT,Central Omega Resources Tbk.,,[],
257,BEI: DLTA,Delta Djakarta Tbk.,,[],
258,BEI: DMAS,Puradelta Lestari Tbk.,,[],
259,BEI: DMMX,Digital Mediatama Maxima Tbk.,,[],
260,BEI: DMND,Diamond Food Indonesia Tbk.,,[],
261,BEI: DNAR,Bank Oke Indonesia Tbk.,,[],
262,BEI: DNET,Indoritel Makmur Internasional,,[],
263,BEI: DOID,Delta Dunia Makmur Tbk.,,[],
264,BEI: DOOH,Era Media Sejahtera Tbk.,,[],
265,BEI: DOSS,Global Sukses Digital Tbk.,,[],
266,BEI: DPNS,Duta Pertiwi Nusantara Tbk.,,[],
267,BEI: DPUM,Dua Putra Utama Makmur Tbk.,,[],
268,BEI: DRMA,Dharma Polimetal Tbk.,,[],
269,BEI: DSFI,Dharma Samudera Fishing Indust,,[],
270,BEI: DSNG,Dharma Satya Nusantara Tbk.,,[],
271,BEI: DSSA,Dian Swastatika Sentosa Tbk,,[],
272,BEI: PTDU,Djasa Ubersakti Tbk.,,[],
273,BEI: DUCK,Jaya Bersama Indo Tbk.,,[],
274,BEI: DUTI,Duta Pertiwi Tbk,,[],
275,BEI: DVLA,Darya-Varia Laboratoria Tbk.,,[],
276,BEI: DWGL,Dwi Guna Laksana Tbk.,,[],
277,BEI: DYAN,Dyandra Media International Tb,,[],
278,BEI: EAST,Eastparc Hotel Tbk.,,[],
279,BEI: ECII,Electronic City Indonesia Tbk.,,[],
280,BEI: EDGE,Indointernet Tbk.,,[],
281,BEI: EKAD,Ekadharma International Tbk.,,[],
282,BEI: ELIT,Data Sinergitama Jaya Tbk.,,[],
283,BEI: ELPI,Pelayaran Nasional Ekalya Purn,,[],
284,BEI: ELSA,Elnusa Tbk.,,[],
285,BEI: ELTY,Bakrieland Development Tbk.,,[],
286,BEI: EMDE,Megapolitan Developments Tbk.,,[],
287,BEI: EMTK,Elang Mahkota Teknologi Tbk.,,[],
288,BEI: ENAK,Champ Resto Indonesia Tbk.,,[],
289,BEI: ENRG,Energi Mega Persada Tbk.,,[],
290,BEI: ENVY,Envy Technologies Indonesia Tb,,[],
291,BEI: ENZO,Morenzo Abadi Perkasa Tbk.,,[],
292,BEI: EPAC,Megalestari Epack Sentosaraya,,[],
293,BEI: EPMT,Enseval Putera Megatrading Tbk,,[],
294,BEI: ERAA,Erajaya Swasembada Tbk.,,[],
295,BEI: ERAL,Sinar Eka Selaras Tbk.,,[],
296,BEI: ERTX,Eratex Djaja Tbk.,,[],
297,BEI: ESIP,Sinergi Inti Plastindo Tbk.,,[],
298,BEI: ESSA,ESSA Industries Indonesia Tbk.,,[],
299,BEI: ESTA,Esta Multi Usaha Tbk.,,[],
300,BEI: ESTI,Ever Shine Tex Tbk.,,[],
301,BEI: ETWA,Eterindo Wahanatama Tbk,,[],
302,BEI: EURO,Estee Gold Feet Tbk.,,[],
303,BEI: EXCL,XL Axiata Tbk.,,[],
304,BEI: FAPA,FAP Agri Tbk.,,[],
305,BEI: FAST,Fast Food Indonesia Tbk.,,[],
306,BEI: FASW,Fajar Surya Wisesa Tbk.,,[],
307,BEI: FILM,MD Entertainment Tbk.,,[],
308,BEI: FIMP,Fimperkasa Utama Tbk.,,[],
309,BEI: FIRE,Alfa Energi Investama Tbk.,,[],
310,BEI: FISH,FKS Multi Agro Tbk.,,[],
311,BEI: FITT,Hotel Fitra International Tbk.,,[],
312,BEI: FLMC,Falmaco Nonwoven Industri Tbk.,,[],
313,BEI: FMII,Fortune Mate Indonesia Tbk,,[],
314,BEI: FOLK,Multi Garam Utama Tbk.,,[],
315,BEI: FOOD,Sentra Food Indonesia Tbk.,,[],
316,BEI: FORU,Fortune Indonesia Tbk,,[],
317,BEI: FORZ,Forza Land Indonesia Tbk.,,[],
318,BEI: FPNI,Lotte Chemical Titan Tbk.,,[],
319,BEI: FREN,Smartfren Telecom Tbk.,,[],
320,BEI: FUJI,Fuji Finance Indonesia Tbk.,,[],
321,BEI: FUTR,Lini Imaji Kreasi Ekosistem Tb,,[],
322,BEI: FWCT,Wijaya Cahaya Timber Tbk.,,[],
323,BEI: GAMA,Aksara Global Development Tbk.,,[],
324,BEI: GDST,Gunawan Dianjaya Steel Tbk.,,[],
325,BEI: GDYR,Goodyear Indonesia Tbk.,,[],
326,BEI: GEMA,Gema Grahasarana Tbk.,,[],
327,BEI: GEMS,Golden Energy Mines Tbk.,,[],
328,BEI: GGRM,Gudang Garam Tbk.,,[],
329,BEI: GGRP,Gunung Raja Paksi Tbk.,,[],
330,BEI: GHON,Gihon Telekomunikasi Indonesia,,[],
331,BEI: GIAA,Garuda Indonesia (Persero) Tbk,,[],
332,BEI: GJTL,Gajah Tunggal Tbk.,,[],
333,BEI: GLOB,Globe Kita Terang Tbk.,,[],
334,BEI: GLVA,Galva Technologies Tbk.,,[],
335,BEI: GMFI,Garuda Maintenance Facility Ae,,[],
336,BEI: GMTD,Gowa Makassar Tourism Developm,,[],
337,BEI: GOLD,Visi Telekomunikasi Infrastruk,,[],
338,BEI: GOLF,Intra Golflink Resorts Tbk.,,[],
339,BEI: GOLL,Golden Plantation Tbk.,,[],
340,BEI: GOOD,Garudafood Putra Putri Jaya Tb,,[],
341,BEI: GOTO,GoTo Gojek Tokopedia Tbk.,,[],
342,BEI: GPRA,Perdana Gapuraprima Tbk.,,[],
343,BEI: GPSO,Geoprima Solusi Tbk.,,[],
344,BEI: GRIA,Ingria Pratama Capitalindo Tbk,,[],
345,BEI: GRPH,Griha Putra Persada Tbk.,,[],
346,BEI: GRPM,Graha Prima Mentari Tbk.,,[],
347,BEI: GSMF,Equity Development Investment,,[],
348,BEI: GTBO,Garda Tujuh Buana Tbk,,[],
349,BEI: GTRA,Grahaprima Suksesmandiri Tbk.,,[],
350,BEI: GTSI,GTS Internasional Tbk.,,[],
351,BEI: GULA,Aman Agrindo Tbk.,,[],
352,BEI: GUNA,Gunanusa Eramandiri Tbk.,,[],
353,BEI: GWSA,Greenwood Sejahtera Tbk.,,[],
354,BEI: GZCO,Gozco Plantations Tbk.,,[],
355,BEI: HADE,Himalaya Energi Perkasa Tbk.,,[],
356,BEI: HAIS,Hasnur Internasional Shipping,,[],
357,BEI: HAJJ,Arsy Buana Travelindo Tbk.,,[],
358,BEI: HALO,Haloni Jane Tbk.,,[],
359,BEI: HATM,Habco Trans Maritima Tbk.,,[],
360,BEI: HBAT,Minahasa Membangun Hebat Tbk.,,[],
361,BEI: HDFA,Radana Bhaskara Finance Tbk.,,[],
362,BEI: HDIT,Hensel Davest Indonesia Tbk.,,[],
363,BEI: HDTX,Panasia Indo Resources Tbk.,,[],
364,BEI: HEAL,Medikaloka Hermina Tbk.,,[],
365,BEI: HELI,Jaya Trishindo Tbk.,,[],
366,BEI: HERO,Hero Supermarket Tbk.,,[],
367,BEI: HEXA,Hexindo Adiperkasa Tbk.,,[],
368,BEI: HILL,Hillcon Tbk.,,[],
369,BEI: HITS,Humpuss Intermoda Transportasi,,[],
370,BEI: HKMU,HK Metals Utama Tbk.,,[],
371,BEI: HMSP,H.M. Sampoerna Tbk.,,[],
372,BEI: HOKI,Buyung Poetra Sembada Tbk.,,[],
373,BEI: HOME,Hotel Mandarine Regency Tbk.,,[],
374,BEI: HOMI,Grand House Mulia Tbk.,,[],
375,BEI: HOPE,Harapan Duta Pertiwi Tbk.,,[],
376,BEI: HOTL,Saraswati Griya Lestari Tbk.,,[],
377,BEI: HRME,Menteng Heritage Realty Tbk.,,[],
378,BEI: HRTA,Hartadinata Abadi Tbk.,,[],
379,BEI: HRUM,Harum Energy Tbk.,,[],
380,BEI: HUMI,Humpuss Maritim Internasional,,[],
381,BEI: HYGN,Ecocare Indo Pasifik Tbk.,,[],
382,BEI: IATA,MNC Energy Investments Tbk.,,[],
383,BEI: IBFN,Intan Baru Prana Tbk.,,[],
384,BEI: IBOS,Indo Boga Sukses Tbk.,,[],
385,BEI: IBST,Inti Bangun Sejahtera Tbk.,,[],
386,BEI: ICBP,Indofood CBP Sukses Makmur Tbk,,[],
387,BEI: ICON,Island Conces Indonesia Tbk.,,[],
388,BEI: IDEA,Idea Indonesia Akademi Tbk.,,[],
389,BEI: IDPR,Indonesia Pondasi Raya Tbk.,,[],
390,BEI: IFII,Indonesia Fibreboard Industry,,[],
391,BEI: IFSH,Ifishdeco Tbk.,,[],
392,BEI: IGAR,Champion Pacific Indonesia Tbk,,[],
393,BEI: IIKP,Inti Agri Resources Tbk,,[],
394,BEI: IKAI,Intikeramik Alamasri Industri,,[],
395,BEI: IKAN,Era Mandiri Cemerlang Tbk.,,[],
396,BEI: IKBI,Sumi Indo Kabel Tbk.,,[],
397,BEI: IKPM,Ikapharmindo Putramas Tbk.,,[],
398,BEI: IMAS,Indomobil Sukses Internasional,,[],
399,BEI: IMJS,Indomobil Multi Jasa Tbk.,,[],
400,BEI: IMPC,Impack Pratama Industri Tbk.,,[],
401,BEI: INAF,Indofarma Tbk.,,[],
402,BEI: INAI,Indal Aluminium Industry Tbk.,,[],
403,BEI: INCF,Indo Komoditi Korpora Tbk.,,[],
404,BEI: INCI,Intanwijaya Internasional Tbk,,[],
405,BEI: INCO,Vale Indonesia Tbk.,,[],
406,BEI: INDF,Indofood Sukses Makmur Tbk.,,[],
407,BEI: INDO,Royalindo Investa Wijaya Tbk.,,[],
408,BEI: INDR,Indo-Rama Synthetics Tbk.,,[],
409,BEI: INDS,Indospring Tbk.,,[],
410,BEI: INDX,Tanah Laut Tbk,,[],
411,BEI: INDY,Indika Energy Tbk.,,[],
412,BEI: INET,Sinergi Inti Andalan Prima Tbk,,[],
413,BEI: INKP,Indah Kiat Pulp & Paper Tbk.,,[],
414,BEI: INOV,Inocycle Technology Group Tbk.,,[],
415,BEI: INPC,Bank Artha Graha Internasional,,[],
416,BEI: INPP,Indonesian Paradise Property T,,[],
417,BEI: INPS,Indah Prakasa Sentosa Tbk.,,[],
418,BEI: INRU,Toba Pulp Lestari Tbk.,,[],
419,BEI: INTA,Intraco Penta Tbk.,,[],
420,BEI: INTD,Inter Delta Tbk,,[],
421,BEI: INTP,Indocement Tunggal Prakarsa Tb,,[],
422,BEI: IOTF,Sumber Sinergi Makmur Tbk.,,[],
423,BEI: IPAC,Era Graharealty Tbk.,,[],
424,BEI: IPCC,Indonesia Kendaraan Terminal T,,[],
425,BEI: IPCM,Jasa Armada Indonesia Tbk.,,[],
426,BEI: IPOL,Indopoly Swakarsa Industry Tbk,,[],
427,BEI: IPPE,Indo Pureco Pratama Tbk.,,[],
428,BEI: IRRA,Itama Ranoraya Tbk.,,[],
429,BEI: IRSX,Aviana Sinar Abadi Tbk.,,[],
430,BEI: PTIS,Indo Straits Tbk.,,[],
431,BEI: ISAP,Isra Presisi Indonesia Tbk.,,[],
432,BEI: ISAT,Indosat Tbk.,,[],
433,BEI: ISEA,Indo American Seafoods Tbk.,,[],
434,BEI: ISSP,Steel Pipe Industry of Indones,,[],
435,BEI: ITIC,Indonesian Tobacco Tbk.,,[],
436,BEI: ITMA,Sumber Energi Andalan Tbk.,,[],
437,BEI: ITMG,Indo Tambangraya Megah Tbk.,,[],
438,BEI: IPTV,MNC Vision Networks Tbk.,,[],
439,BEI: JARR,Jhonlin Agro Raya Tbk.,,[],
440,BEI: JAST,Jasnita Telekomindo Tbk.,,[],
441,BEI: JATI,Informasi Teknologi Indonesia,,[],
442,BEI: JAWA,Jaya Agra Wattie Tbk.,,[],
443,BEI: JAYA,Armada Berjaya Trans Tbk.,,[],
444,BEI: JECC,Jembo Cable Company Tbk.,,[],
445,BEI: JGLE,Graha Andrasentra Propertindo,,[],
446,BEI: JIHD,Jakarta International Hotels &,,[],
447,BEI: JKON,Jaya Konstruksi Manggala Prata,,[],
448,BEI: JKSW,Jakarta Kyoei Steel Works Tbk.,,[],
449,BEI: JMAS,Asuransi Jiwa Syariah Jasa Mit,,[],
450,BEI: JPFA,Japfa Comfeed Indonesia Tbk.,,[],
451,BEI: JRPT,Jaya Real Property Tbk.,,[],
452,BEI: JSPT,Jakarta Setiabudi Internasiona,,[],
453,BEI: JSKY,Sky Energy Indonesia Tbk.,,[],
454,BEI: JSMR,Jasa Marga (Persero) Tbk.,,[],
455,BEI: JTPE,Jasuindo Tiga Perkasa Tbk.,,[],
456,BEI: KAEF,Kimia Farma Tbk.,,[],
457,BEI: KARW,Meratus Jasa Prima Tbk.,,[],
458,BEI: KAYU,Darmi Bersaudara Tbk.,,[],
459,BEI: KBAG,Karya Bersama Anugerah Tbk.,,[],
460,BEI: KBLI,KMI Wire & Cable Tbk.,,[],
461,BEI: KBLM,Kabelindo Murni Tbk.,,[],
462,BEI: KBLV,First Media Tbk.,,[],
463,BEI: KBRI,Kertas Basuki Rachmat Indonesi,,[],
464,BEI: KDSI,Kedawung Setia Industrial Tbk.,,[],
465,BEI: KDTN,Puri Sentul Permai Tbk.,,[],
466,BEI: KEEN,Kencana Energi Lestari Tbk.,,[],
467,BEI: KEJU,Mulia Boga Raya Tbk.,,[],
468,BEI: KETR,Ketrosden Triasmitra Tbk.,,[],
469,BEI: KIAS,Keramika Indonesia Assosiasi T,,[],
470,BEI: KICI,Kedaung Indah Can Tbk,,[],
471,BEI: KIJA,Kawasan Industri Jababeka Tbk.,,[],
472,BEI: KING,Hoffmen Cleanindo Tbk.,,[],
473,BEI: KINO,Kino Indonesia Tbk.,,[],
474,BEI: KIOS,Kioson Komersial Indonesia Tbk,,[],
475,BEI: KJEN,Krida Jaringan Nusantara Tbk.,,[],
476,BEI: KKES,Kusuma Kemindo Sentosa Tbk.,,[],
477,BEI: KKGI,Resource Alam Indonesia Tbk.,,[],
478,BEI: KLAS,Pelayaran Kurnia Lautan Semest,,[],
479,BEI: KLBF,Kalbe Farma Tbk.,,[],
480,BEI: KLIN,Klinko Karya Imaji Tbk.,,[],
481,BEI: KMDS,Kurniamitra Duta Sentosa Tbk.,,[],
482,BEI: KMTR,Kirana Megatara Tbk.,,[],
483,BEI: KOBX,Kobexindo Tractors Tbk.,,[],
484,BEI: KOCI,Kokoh Exa Nusantara Tbk.,,[],
485,BEI: KOIN,Kokoh Inti Arebama Tbk,,[],
486,BEI: KOKA,Koka Indonesia Tbk.,,[],
487,BEI: KONI,Perdana Bangun Pusaka Tbk,,[],
488,BEI: KOPI,Mitra Energi Persada Tbk.,,[],
489,BEI: KOTA,DMS Propertindo Tbk.,,[],
490,BEI: KPAL,Steadfast Marine Tbk.,,[],
491,BEI: KPAS,Cottonindo Ariesta Tbk.,,[],
492,BEI: KPIG,MNC Land Tbk.,,[],
493,BEI: KRAH,Grand Kartech Tbk.,,[],
494,BEI: KRAS,Krakatau Steel (Persero) Tbk.,,[],
495,BEI: KREN,Quantum Clovera Investama Tbk.,,[],
496,BEI: KRYA,Bangun Karya Perkasa Jaya Tbk.,,[],
497,BEI: KUAS,Ace Oldfields Tbk.,,[],
498,BEI: LABA,Green Power Group Tbk.,,[],
499,BEI: LABS,UBC Medical Indonesia Tbk.,,[],
500,BEI: LAJU,Jasa Berdikari Logistics Tbk.,,[],
501,BEI: LAND,Trimitra Propertindo Tbk.,,[],
502,BEI: LAPD,Leyand International Tbk.,,[],
503,BEI: LCGP,Eureka Prima Jakarta Tbk.,,[],
504,BEI: LCKM,LCK Global Kedaton Tbk.,,[],
505,BEI: LEAD,Logindo Samudramakmur Tbk.,,[],
506,BEI: LFLO,Imago Mulia Persada Tbk.,,[],
507,BEI: LIFE,MSIG Life Insurance Indonesia,,[],
508,BEI: LINK,Link Net Tbk.,,[],
509,BEI: LION,Lion Metal Works Tbk.,,[],
510,BEI: LIVE,Homeco Victoria Makmur Tbk.,,[],
511,BEI: LMAS,Limas Indonesia Makmur Tbk,,[],
512,BEI: LMAX,Lupromax Pelumas Indonesia Tbk,,[],
513,BEI: LMPI,Langgeng Makmur Industri Tbk.,,[],
514,BEI: LMSH,Lionmesh Prima Tbk.,,[],
515,BEI: LOPI,Logisticsplus International Tb,,[],
516,BEI: LPCK,Lippo Cikarang Tbk,,[],
517,BEI: LPGI,Lippo General Insurance Tbk.,,[],
518,BEI: LPIN,Multi Prima Sejahtera Tbk,,[],
519,BEI: LPKR,Lippo Karawaci Tbk.,,[],
520,BEI: LPLI,Star Pacific Tbk,,[],
521,BEI: LPPF,Matahari Department Store Tbk.,,[],
522,BEI: LPPS,Lenox Pasifik Investama Tbk.,,[],
523,BEI: LRNA,Eka Sari Lorena Transport Tbk.,,[],
524,BEI: LSIP,PP London Sumatra Indonesia Tb,,[],
525,BEI: LTLS,Lautan Luas Tbk.,,[],
526,BEI: LUCK,Sentral Mitra Informatika Tbk.,,[],
527,BEI: LUCY,Lima Dua Lima Tiga Tbk.,,[],
528,BEI: MABA,Marga Abhinaya Abadi Tbk.,,[],
529,BEI: MAGP,Multi Agro Gemilang Plantation,,[],
530,BEI: MAHA,Mandiri Herindo Adiperkasa Tbk,,[],
531,BEI: MAIN,Malindo Feedmill Tbk.,,[],
532,BEI: MAMI,Mas Murni Indonesia Tbk,,[],
533,BEI: MANG,Manggung Polahraya Tbk.,,[],
534,BEI: MAPA,Map Aktif Adiperkasa Tbk.,,[],
535,BEI: MAPB,MAP Boga Adiperkasa Tbk.,,[],
536,BEI: MAPI,Mitra Adiperkasa Tbk.,,[],
537,BEI: MARI,Mahaka Radio Integra Tbk.,,[],
538,BEI: MARK,Mark Dynamics Indonesia Tbk.,,[],
539,BEI: MASA,Multistrada Arah Sarana Tbk.,,[],
540,BEI: MASB,Bank Multiarta Sentosa Tbk.,,[],
541,BEI: MAXI,Maxindo Karya Anugerah Tbk.,,[],
542,BEI: MAYA,Bank Mayapada Internasional Tb,,[],
543,BEI: MBAP,Mitrabara Adiperdana Tbk.,,[],
544,BEI: MBMA,Merdeka Battery Materials Tbk.,,[],
545,BEI: MBSS,Mitrabahtera Segara Sejati Tbk,,[],
546,BEI: MBTO,Martina Berto Tbk.,,[],
547,BEI: MCAS,M Cash Integrasi Tbk.,,[],
548,BEI: MCOL,Prima Andalan Mandiri Tbk.,,[],
549,BEI: MCOR,Bank China Construction Bank I,,[],
550,BEI: MDIA,Intermedia Capital Tbk.,,[],
551,BEI: MDKA,Merdeka Copper Gold Tbk.,,[],
552,BEI: MDKI,Emdeki Utama Tbk.,,[],
553,BEI: MDLN,Modernland Realty Tbk.,,[],
554,BEI: MDRN,Modern Internasional Tbk.,,[],
555,BEI: MEDC,Medco Energi Internasional Tbk,,[],
556,BEI: MEDS,Hetzer Medical Indonesia Tbk.,,[],
557,BEI: MEGA,Bank Mega Tbk.,,[],
558,BEI: MEJA,Harta Djaya Karya Tbk.,,[],
559,BEI: MENN,Menn Teknologi Indonesia Tbk.,,[],
560,BEI: MERK,Merck Tbk.,,[],
561,BEI: META,Nusantara Infrastructure Tbk.,,[],
562,BEI: MFIN,Mandala Multifinance Tbk.,,[],
563,BEI: MFMI,Multifiling Mitra Indonesia Tb,,[],
564,BEI: MGLV,Panca Anugrah Wisesa Tbk.,,[],
565,BEI: MGNA,Magna Investama Mandiri Tbk.,,[],
566,BEI: MGRO,Mahkota Group Tbk.,,[],
567,BEI: MHKI,Multi Hanna Kreasindo Tbk.,,[],
568,BEI: MICE,Multi Indocitra Tbk.,,[],
569,BEI: MIDI,Midi Utama Indonesia Tbk.,,[],
570,BEI: MIKA,Mitra Keluarga Karyasehat Tbk.,,[],
571,BEI: MINA,Sanurhasta Mitra Tbk.,,[],
572,BEI: MIRA,Mitra International Resources,,[],
573,BEI: MITI,Mitra Investindo Tbk.,,[],
574,BEI: MKAP,Multikarya Asia Pasifik Raya T,,[],
575,BEI: MKNT,Mitra Komunikasi Nusantara Tbk,,[],
576,BEI: MKPI,Metropolitan Kentjana Tbk.,,[],
577,BEI: MKTR,Menthobi Karyatama Raya Tbk.,,[],
578,BEI: MLPT,Multipolar Technology Tbk.,,[],
579,BEI: MLBI,Multi Bintang Indonesia Tbk.,,[],
580,BEI: MLIA,Mulia Industrindo Tbk,,[],
581,BEI: MLPL,Multipolar Tbk.,,[],
582,BEI: MMIX,Multi Medika Internasional Tbk,,[],
583,BEI: MMLP,Mega Manunggal Property Tbk.,,[],
584,BEI: MNCN,Media Nusantara Citra Tbk.,,[],
585,BEI: MOLI,Madusari Murni Indah Tbk.,,[],
586,BEI: MORA,Mora Telematika Indonesia Tbk.,,[],
587,BEI: PTMP,Mitra Pack Tbk.,,[],
588,BEI: MPIX,Mitra Pedagang Indonesia Tbk.,,[],
589,BEI: MPMX,Mitra Pinasthika Mustika Tbk.,,[],
590,BEI: MPOW,Megapower Makmur Tbk.,,[],
591,BEI: MPPA,Matahari Putra Prima Tbk.,,[],
592,BEI: MPRO,Maha Properti Indonesia Tbk.,,[],
593,BEI: MPXL,MPX Logistics International Tb,,[],
594,BEI: PTMR,Master Print Tbk.,,[],
595,BEI: MRAT,Mustika Ratu Tbk.,,[],
596,BEI: MREI,Maskapai Reasuransi Indonesia,,[],
597,BEI: MSIE,Multisarana Intan Eduka Tbk.,,[],
598,BEI: MSIN,MNC Digital Entertainment Tbk.,,[],
599,BEI: MSJA,Multi Spunindo Jaya Tbk.,,[],
600,BEI: MSKY,MNC Sky Vision Tbk.,,[],
601,BEI: MSTI,Mastersystem Infotama Tbk.,,[],
602,BEI: MTDL,Metrodata Electronics Tbk.,,[],
603,BEI: MTEL,Dayamitra Telekomunikasi Tbk.,,[],
604,BEI: MTFN,Capitalinc Investment Tbk.,,[],
605,BEI: MTLA,Metropolitan Land Tbk.,,[],
606,BEI: MTMH,Murni Sadar Tbk.,,[],
607,BEI: MTPS,Meta Epsi Tbk.,,[],
608,BEI: MTRA,Mitra Pemuda Tbk.,,[],
609,BEI: MTSM,Metro Realty Tbk.,,[],
610,BEI: MTWI,Malacca Trust Wuwungan Insuran,,[],
611,BEI: MUTU,Mutuagung Lestari Tbk.,,[],
612,BEI: MYOH,Samindo Resources Tbk.,,[],
613,BEI: MYOR,Mayora Indah Tbk.,,[],
614,BEI: MYRX,Hanson International Tbk.,,[],
615,BEI: MYTX,Asia Pacific Investama Tbk.,,[],
616,BEI: NAIK,Adiwarna Anugerah Abadi Tbk.,,[],
617,BEI: NANO,Nanotech Indonesia Global Tbk.,,[],
618,BEI: NASA,Andalan Perkasa Abadi Tbk.,,[],
619,BEI: NASI,Wahana Inti Makmur Tbk.,,[],
620,BEI: NATO,Surya Permata Andalan Tbk.,,[],
621,BEI: NAYZ,Hassana Boga Sejahtera Tbk.,,[],
622,BEI: NCKL,Trimegah Bangun Persada Tbk.,,[],
623,BEI: NELY,Pelayaran Nelly Dwi Putri Tbk.,,[],
624,BEI: NEST,Esta Indonesia Tbk.,,[],
625,BEI: NETV,Net Visi Media Tbk.,,[],
626,BEI: NFCX,NFC Indonesia Tbk.,,[],
627,BEI: NICE,Adhi Kartiko Pratama Tbk.,,[],
628,BEI: NICK,Charnic Capital Tbk.,,[],
629,BEI: NICL,PAM Mineral Tbk.,,[],
630,BEI: NIKL,Pelat Timah Nusantara Tbk.,,[],
631,BEI: NINE,Techno9 Indonesia Tbk.,,[],
632,BEI: NIPS,Nipress Tbk.,,[],
633,BEI: NIRO,City Retail Developments Tbk.,,[],
634,BEI: NISP,Bank OCBC NISP Tbk.,,[],
635,BEI: NOBU,Bank Nationalnobu Tbk.,,[],
636,BEI: NPGF,Nusa Palapa Gemilang Tbk.,,[],
637,BEI: NRCA,Nusa Raya Cia Tbk.,,[],
638,BEI: NSSS,Nusantara Sawit Sejahtera Tbk.,,[],
639,BEI: NTBK,Nusatama Berkah Tbk.,,[],
640,BEI: NUSA,Sinergi Megah Internusa Tbk.,,[],
641,BEI: NZIA,Nusantara Almazia Tbk.,,[],
642,BEI: OASA,Maharaksa Biru Energi Tbk.,,[],
643,BEI: OBMD,OBM Drilchem Tbk.,,[],
644,BEI: OCAP,Onix Capital Tbk.,,[],
645,BEI: OILS,Indo Oil Perkasa Tbk.,,[],
646,BEI: OKAS,Ancora Indonesia Resources Tbk,,[],
647,BEI: OLIV,Oscar Mitra Sukses Sejahtera T,,[],
648,BEI: OMED,Jayamas Medica Industri Tbk.,,[],
649,BEI: OMRE,Indonesia Prima Property Tbk,,[],
650,BEI: OPMS,Oima Prima Metal Sinergi Tbk,,[],
651,BEI: PACK,Solusi Kemasan Digital Tbk.,,[],
652,BEI: PADA,Personel Alih Daya Tbk.,,[],
653,BEI: PADI,Minna Padi Investama Sekuritas,,[],
654,BEI: PALM,Provident Investasi Bersama Tb,,[],
655,BEI: PAMG,Bima Sakti Pertiwi Tbk.,,[],
656,BEI: PANI,Pantai Indah Kapuk Dua Tbk.,,[],
657,BEI: PANR,Panorama Sentrawisata Tbk.,,[],
658,BEI: PANS,Panin Sekuritas Tbk.,,[],
659,BEI: PART,Cipta Perdana Lancar Tbk.,,[],
660,BEI: PBID,Panca Budi Idaman Tbk.,,[],
661,BEI: PBRX,Pan Brothers Tbk.,,[],
662,BEI: PBSA,Paramita Bangun Sarana Tbk.,,[],
663,BEI: PCAR,Prima Cakrawala Abadi Tbk.,,[],
664,BEI: PDES,Destinasi Tirta Nusantara Tbk,,[],
665,BEI: PDPP,Primadaya Plastisindo Tbk.,,[],
666,BEI: PEGE,Panca Global Kapital Tbk.,,[],
667,BEI: PEHA,Phapros Tbk.,,[],
668,BEI: PEVE,Penta Valent Tbk.,,[],
669,BEI: PGAS,Perusahaan Gas Negara Tbk.,,[],
670,BEI: PGEO,Pertamina Geothermal Energy Tb,,[],
671,BEI: PGJO,Tourindo Guide Indonesia Tbk.,,[],
672,BEI: PGLI,Pembangunan Graha Lestari Inda,,[],
673,BEI: PGUN,Pradiksi Gunatama Tbk.,,[],
674,BEI: PICO,Pelangi Indah Canindo Tbk,,[],
675,BEI: PIPA,Multi Makmur Lemindo Tbk.,,[],
676,BEI: PJAA,Pembangunan Jaya Ancol Tbk.,,[],
677,BEI: PKPK,Perdana Karya Perkasa Tbk,,[],
678,BEI: PLAN,Planet Properindo Jaya Tbk.,,[],
679,BEI: PLAS,Polaris Investama Tbk,,[],
680,BEI: PLIN,Plaza Indonesia Realty Tbk.,,[],
681,BEI: PMJS,Putra Mandiri Jembar Tbk.,,[],
682,BEI: PMMP,Panca Mitra Multiperdana Tbk.,,[],
683,BEI: PNBN,Bank Pan Indonesia Tbk,,[],
684,BEI: PNBS,Bank Panin Dubai Syariah Tbk.,,[],
685,BEI: PNGO,Pinago Utama Tbk.,,[],
686,BEI: PNIN,Paninvest Tbk.,,[],
687,BEI: PNLF,Panin Financial Tbk.,,[],
688,BEI: PNSE,Pudjiadi & Sons Tbk.,,[],
689,BEI: POLA,Pool Advista Finance Tbk.,,[],
690,BEI: POLI,Pollux Hotels Group Tbk.,,[],
691,BEI: POLL,Pollux Properties Indonesia Tb,,[],
692,BEI: POLU,Golden Flower Tbk.,,[],
693,BEI: POLY,Asia Pacific Fibers Tbk,,[],
694,BEI: POOL,Pool Advista Indonesia Tbk.,,[],
695,BEI: PORT,Nusantara Pelabuhan Handal Tbk,,[],
696,BEI: POSA,Bliss Properti Indonesia Tbk.,,[],
697,BEI: POWR,Cikarang Listrindo Tbk.,,[],
698,BEI: PTPP,PP (Persero) Tbk.,,[],
699,BEI: PPGL,Prima Globalindo Logistik Tbk.,,[],
700,BEI: PPRE,PP Presisi Tbk.,,[],
701,BEI: PPRI,Paperocks Indonesia Tbk.,,[],
702,BEI: PPRO,PP Properti Tbk.,,[],
703,BEI: PRAS,Prima Alloy Steel Universal Tb,,[],
704,BEI: PRAY,Famon Awal Bros Sedaya Tbk.,,[],
705,BEI: PRDA,Prodia Widyahusada Tbk.,,[],
706,BEI: PRIM,Royal Prima Tbk.,,[],
707,BEI: PTPS,Pulau Subur Tbk.,,[],
708,BEI: PSAB,J Resources Asia Pasifik Tbk.,,[],
709,BEI: PSDN,Prasidha Aneka Niaga Tbk,,[],
710,BEI: PSGO,Palma Serasih Tbk.,,[],
711,BEI: PSKT,Red Planet Indonesia Tbk.,,[],
712,BEI: PSSI,IMC Pelita Logistik Tbk.,,[],
713,BEI: PUDP,Pudjiadi Prestige Tbk.,,[],
714,BEI: PURA,Putra Rajawali Kencana Tbk.,,[],
715,BEI: PURE,Trinitan Metals and Minerals T,,[],
716,BEI: PURI,Puri Global Sukses Tbk.,,[],
717,BEI: PTPW,Pratama Widya Tbk.,,[],
718,BEI: PWON,Pakuwon Jati Tbk.,,[],
719,BEI: PYFA,Pyridam Farma Tbk,,[],
720,BEI: PZZA,Sarimelati Kencana Tbk.,,[],
721,BEI: RAAM,Tripar Multivision Plus Tbk.,,[],
722,BEI: RAFI,Sari Kreasi Boga Tbk.,,[],
723,BEI: RAJA,Rukun Raharja Tbk.,,[],
724,BEI: RALS,Ramayana Lestari Sentosa Tbk.,,[],
725,BEI: RANC,Supra Boga Lestari Tbk.,,[],
726,BEI: RBMS,Ristia Bintang Mahkotasejati T,,[],
727,BEI: RCCC,Utama Radar Cahaya Tbk.,,[],
728,BEI: RDTX,Roda Vivatex Tbk,,[],
729,BEI: REAL,Repower Asia Indonesia Tbk.,,[],
730,BEI: RELF,Graha Mitra Asia Tbk.,,[],
731,BEI: RELI,Reliance Sekuritas Indonesia T,,[],
732,BEI: RGAS,Kian Santang Muliatama Tbk.,,[],
733,BEI: RICY,Ricky Putra Globalindo Tbk,,[],
734,BEI: RIGS,Rig Tenders Indonesia Tbk.,,[],
735,BEI: RIMO,Rimo International Lestari Tbk,,[],
736,BEI: RISE,Jaya Sukses Makmur Sentosa Tbk,,[],
737,BEI: RMKE,RMK Energy Tbk.,,[],
738,BEI: RMKO,Royaltama Mulia Kontraktorindo,,[],
739,BEI: PTRO,Petrosea Tbk.,,[],
740,BEI: ROCK,Rockfields Properti Indonesia,,[],
741,BEI: RODA,Pikko Land Development Tbk.,,[],
742,BEI: RONY,Aesler Grup Internasional Tbk.,,[],
743,BEI: ROTI,Nippon Indosari Corpindo Tbk.,,[],
744,BEI: RSCH,Charlie Hospital Semarang Tbk.,,[],
745,BEI: RSGK,Kedoya Adyaraya Tbk.,,[],
746,BEI: RUIS,Radiant Utama Interinsco Tbk.,,[],
747,BEI: RUNS,Global Sukses Solusi Tbk.,,[],
748,BEI: SAFE,Steady Safe Tbk,,[],
749,BEI: SAGE,Saausaha Gemilangindah Tbk.,,[],
750,BEI: SAME,Sarana Meditama Metropolitan T,,[],
751,BEI: SAMF,Saraswanti Anugerah Makmur Tbk,,[],
752,BEI: SAPX,Satria Antaran Prima Tbk.,,[],
753,BEI: SATU,Kota Satu Properti Tbk.,,[],
754,BEI: SBAT,Sejahtera Bintang Abadi Textil,,[],
755,BEI: SBMA,Surya Biru Murni Acetylene Tbk,,[],
756,BEI: SCCO,Supreme Cable Manufacturing &,,[],
757,BEI: SCMA,Surya Citra Media Tbk.,,[],
758,BEI: SCNP,Selaras Citra Nusantara Perkas,,[],
759,BEI: SCPI,Organon Pharma Indonesia Tbk.,,[],
760,BEI: SDMU,Sidomulyo Selaras Tbk.,,[],
761,BEI: SDPC,Millennium Pharmacon Internati,,[],
762,BEI: SDRA,Bank Woori Saudara Indonesia 1,,[],
763,BEI: SEMA,Semacom Integrated Tbk.,,[],
764,BEI: SFAN,Surya Fajar Capital Tbk.,,[],
765,BEI: SGER,Sumber Global Energy Tbk.,,[],
766,BEI: SGRO,Sampoerna Agro Tbk.,,[],
767,BEI: SHID,Hotel Sahid Jaya International,,[],
768,BEI: SHIP,Sillo Maritime Perdana Tbk.,,[],
769,BEI: SICO,Sigma Energy Compressindo Tbk.,,[],
770,BEI: SIDO,Industri Jamu dan Farmasi Sido,,[],
771,BEI: SILO,Siloam International Hospitals,,[],
772,BEI: SIMA,Siwani Makmur Tbk,,[],
773,BEI: SIMP,Salim Ivomas Pratama Tbk.,,[],
774,BEI: SINI,Singaraja Putra Tbk.,,[],
775,BEI: SIPD,Sreeya Sewu Indonesia Tbk.,,[],
776,BEI: SKBM,Sekar Bumi Tbk.,,[],
777,BEI: SKLT,Sekar Laut Tbk.,,[],
778,BEI: SKRN,Superkrane Mitra Utama Tbk.,,[],
779,BEI: SKYB,Northcliff Citranusa Indonesia,,[],
780,BEI: SLIS,Gaya Abadi Sempurna Tbk.,,[],
781,BEI: SMAR,Smart Tbk.,,[],
782,BEI: SMBR,Semen Baturaja Tbk.,,[],
783,BEI: SMCB,Solusi Bangun Indonesia Tbk.,,[],
784,BEI: SMDM,Suryamas Dutamakmur Tbk.,,[],
785,BEI: SMDR,Samudera Indonesia  Tbk.,,[],
786,BEI: SMGA,Sumber Mineral Global Abadi Tb,,[],
787,BEI: SMGR,Semen Indonesia (Persero) Tbk.,,[],
788,BEI: SMIL,Sarana Mitra Luas Tbk.,,[],
789,BEI: SMKL,Satyamitra Kemas Lestari Tbk.,,[],
790,BEI: SMKM,Sumber Mas Konstruksi Tbk.,,[],
791,BEI: SMLE,Sinergi Multi Lestarindo Tbk.,,[],
792,BEI: SMMA,Sinarmas Multiartha Tbk.,,[],
793,BEI: SMMT,Golden Eagle Energy Tbk.,,[],
794,BEI: SMRA,Summarecon Agung Tbk.,,[],
795,BEI: SMRU,SMR Utama Tbk.,,[],
796,BEI: SMSM,Selamat Sempurna Tbk.,,[],
797,BEI: PTSN,Sat Nusapersada Tbk,,[],
798,BEI: SNLK,Sunter Lakeside Hotel Tbk.,,[],
799,BEI: SPTO,Surya Pertiwi Tbk.,,[],
800,BEI: SOCI,Soechi Lines Tbk.,,[],
801,BEI: SOFA,Boston Furniture Industries Tb,,[],
802,BEI: SOHO,Soho Global Health Tbk.,,[],
803,BEI: SOLA,Xolare RCR Energy Tbk.,,[],
804,BEI: SONA,Sona Topas Tourism Industry Tb,,[],
805,BEI: SOSS,Shield On Service Tbk.,,[],
806,BEI: SOTS,Satria Mega Kencana Tbk.,,[],
807,BEI: SOUL,Mitra Tirta Buwana Tbk.,,[],
808,BEI: PTSP,Pioneerindo Gourmet Internatio,,[],
809,BEI: SPMA,Suparma Tbk.,,[],
810,BEI: SPRE,Soraya Berjaya Indonesia Tbk.,,[],
811,BEI: SQMI,Wilton Makmur Indonesia Tbk.,,[],
812,BEI: SRAJ,Sejahteraraya Anugrahjaya Tbk.,,[],
813,BEI: SRIL,Sri Rejeki Isman Tbk.,,[],
814,BEI: SRSN,Indo Acidatama Tbk,,[],
815,BEI: SRTG,Saratoga Investama Sedaya Tbk.,,[],
816,BEI: SSIA,Surya Semesta Internusa Tbk.,,[],
817,BEI: SSMS,Sawit Sumbermas Sarana Tbk.,,[],
818,BEI: SSTM,Sunson Textile Manufacture Tbk,,[],
819,BEI: STAA,Sumber Tani Agung Resources Tb,,[],
820,BEI: STAR,Buana Artha Anugerah Tbk.,,[],
821,BEI: STRK,Lovina Beach Brewery Tbk.,,[],
822,BEI: STTP,Siantar Top Tbk.,,[],
823,BEI: SUGI,Sugih Energy Tbk.,,[],
824,BEI: SULI,SLJ Global Tbk.,,[],
825,BEI: SUNI,Sunindo Pratama Tbk.,,[],
826,BEI: SUPR,Solusi Tunas Pratama Tbk.,,[],
827,BEI: SURE,Super Energy Tbk.,,[],
828,BEI: SURI,Maja Agung Latexindo Tbk.,,[],
829,BEI: SWAT,Sriwahana Adityakarta Tbk.,,[],
830,BEI: SWID,Saraswanti Indoland Developmen,,[],
831,BEI: TALF,Tunas Alfin Tbk.,,[],
832,BEI: TAMA,Lancartama Sejati Tbk.,,[],
833,BEI: TAMU,Pelayaran Tamarin Samudra Tbk.,,[],
834,BEI: TAPG,Triputra Agro Persada Tbk.,,[],
835,BEI: TARA,Agung Semesta Sejahtera Tbk.,,[],
836,BEI: TAXI,Express Transindo Utama Tbk.,,[],
837,BEI: TAYS,Jaya Swarasa Agung Tbk.,,[],
838,BEI: TBIG,Tower Bersama Infrastructure T,,[],
839,BEI: TBLA,Tunas Baru Lampung Tbk.,,[],
840,BEI: TBMS,Tembaga Mulia Semanan Tbk.,,[],
841,BEI: TCID,Mandom Indonesia Tbk.,,[],
842,BEI: TCPI,Transcoal Pacific Tbk.,,[],
843,BEI: TDPM,Tianrong Chemicals Industry Tb,,[],
844,BEI: TEBE,Dana Brata Luhur Tbk.,,[],
845,BEI: TECH,Indosterling Technomedia Tbk.,,[],
846,BEI: TELE,Omni Inovasi Indonesia Tbk.,,[],
847,BEI: TFAS,Telefast Indonesia Tbk.,,[],
848,BEI: TFCO,Tifico Fiber Indonesia Tbk.,,[],
849,BEI: TGKA,Tigaraksa Satria Tbk.,,[],
850,BEI: TGRA,Terregra Asia Energy Tbk.,,[],
851,BEI: TGUK,Platinum Wahab Nusantara Tbk.,,[],
852,BEI: TIFA,KDB Tifa Finance Tbk.,,[],
853,BEI: TINS,Timah Tbk.,,[],
854,BEI: TIRA,Tira Austenite Tbk,,[],
855,BEI: TIRT,Tirta Mahakam Resources Tbk,,[],
856,BEI: TKIM,Pabrik Kertas Tjiwi Kimia Tbk.,,[],
857,BEI: TLDN,Teladan Prima Agro Tbk.,,[],
858,BEI: TLKM,Telkom Indonesia (Persero) Tbk.,,[],
859,BEI: TMAS,Temas Tbk.,,[],
860,BEI: TMPO,Tempo Intimedia Tbk.,,[],
861,BEI: TNCA,Trimuda Nuansa Citra Tbk.,,[],
862,BEI: TOBA,TBS Energi Utama Tbk.,,[],
863,BEI: TOOL,Rohartindo Nusantara Luas Tbk.,,[],
864,BEI: TOPS,Totalindo Eka Persada Tbk.,,[],
865,BEI: TOSK,Topindo Solusi Komunika Tbk.,,[],
866,BEI: TOTL,Total Bangun Persada Tbk.,,[],
867,BEI: TOTO,Surya Toto Indonesia Tbk.,,[],
868,BEI: TOWR,Sarana Menara Nusantara Tbk.,,[],
869,BEI: TOYS,Sunindo Adipersada Tbk.,,[],
870,BEI: TPIA,Chandra Asri Pacific Tbk.,,[],
871,BEI: TPMA,Trans Power Marine Tbk.,,[],
872,BEI: TRAM,Trada Alam Minera Tbk.,,[],
873,BEI: TRGU,Cerestar Indonesia Tbk.,,[],
874,BEI: TRIL,Triwira Insanlestari Tbk.,,[],
875,BEI: TRIM,Trimegah Sekuritas Indonesia T,,[],
876,BEI: TRIN,Perintis Triniti Properti Tbk.,,[],
877,BEI: TRIO,Trikomsel Oke Tbk.,,[],
878,BEI: TRIS,Trisula International Tbk.,,[],
879,BEI: TRJA,Transkon Jaya Tbk.,,[],
880,BEI: TRON,Teknologi Karya Digital Nusa T,,[],
881,BEI: TRST,Trias Sentosa Tbk.,,[],
882,BEI: TRUE,Triniti Dinamik Tbk.,,[],
883,BEI: TRUK,Guna Timur Raya Tbk.,,[],
884,BEI: TRUS,Trust Finance Indonesia Tbk,,[],
885,BEI: TSPC,Tempo Scan Pacific Tbk.,,[],
886,BEI: TUGU,Asuransi Tugu Pratama Indonesi,,[],
887,BEI: TYRE,King Tire Indonesia Tbk.,,[],
888,BEI: UANG,Pakuan Tbk.,,[],
889,BEI: UCID,Uni-Charm Indonesia Tbk.,,[],
890,BEI: UDNG,Agro Bahari Nusantara Tbk.,,[],
891,BEI: UFOE,Damai Sejahtera Abadi Tbk.,,[],
892,BEI: ULTJ,Ultrajaya Milk Industry & Trad,,[],
893,BEI: UNIC,Unggul Indah Cahaya Tbk.,,[],
894,BEI: UNIQ,Ulima Nitra Tbk.,,[],
895,BEI: UNIT,Nusantara Inti Corpora Tbk,,[],
896,BEI: UNSP,Bakrie Sumatera Plantations Tbk.,,[],
897,BEI: UNTD,Terang Dunia Internusa Tbk.,,[],
898,BEI: UNTR,United Tractors Tbk.,,[],
899,BEI: UNVR,Unilever Indonesia Tbk.,,[],
900,BEI: URBN,Urban Jakarta Propertindo Tbk.,,[],
901,BEI: UVCR,Trimegah Karya Pratama Tbk.,,[],
902,BEI: VAST,Vastland Indonesia Tbk.,,[],
903,BEI: VERN,Verona Indah Pictures Tbk.,,[],
904,BEI: VICI,Victoria Care Indonesia Tbk.,,[],
905,BEI: VICO,Victoria Investama Tbk.,,[],
906,BEI: VINS,Victoria Insurance Tbk.,,[],
907,BEI: VISI,Satu Visi Putra Tbk.,,[],
908,BEI: VIVA,Visi Media Asia Tbk.,,[],
909,BEI: VKTR,VKTR Teknologi Mobilitas Tbk.,,[],
910,BEI: VOKS,Voksel Electric Tbk.,,[],
911,BEI: VRNA,Mizuho Leasing Indonesia Tbk.,,[],
912,BEI: VTNY,Venteny Fortuna International,,[],
913,BEI: WAPO,Wahana Pronatural Tbk.,,[],
914,BEI: WEGE,Wijaya Karya Bangunan Gedung T,,[],
915,BEI: WEHA,WEHA Transportasi Indonesia Tbk.,,[],
916,BEI: WGSH,Wira Global Solusi Tbk.,,[],
917,BEI: WICO,Wicaksana Overseas International Tbk.,,[],
918,BEI: WIDI,Widiant Jaya Krenindo Tbk.,,[],
919,BEI: WIFI,Solusi Sinergi Digital Tbk.,,[],
920,BEI: WIIM,Wismilak Inti Makmur Tbk.,,[],
921,BEI: WIKA,Wijaya Karya (Persero) Tbk.,,[],
922,BEI: WINE,Hatten Bali Tbk.,,[],
923,BEI: WINR,Winner Nusantara Jaya Tbk.,,[],
924,BEI: WINS,Wintermar Offshore Marine Tbk.,,[],
925,BEI: WIRG,WIR ASIA Tbk.,,[],
926,BEI: WMPP,Widodo Makmur Perkasa Tbk.,,[],
927,BEI: WMUU,Widodo Makmur Unggas Tbk.,,[],
928,BEI: WOMF,Wahana Ottomitra Multiartha Tb,,[],
929,BEI: WOOD,Integra Indocabinet Tbk.,,[],
930,BEI: WOWS,Ginting Jaya Energi Tbk.,,[],
931,BEI: WSBP,Waskita Beton Precast Tbk.,,[],
932,BEI: WSKT,Waskita Karya (Persero) Tbk.,,[],
933,BEI: WTON,Wijaya Karya Beton Tbk.,,[],
934,BEI: YELO,Yelooo Integra Datanet Tbk.,,[],
935,BEI: YPAS,Yanaprima Hastapersada Tbk,,[],
936,BEI: YULE,Yulie Sekuritas Indonesia Tbk.,,[],
937,BEI: ZATA,Bersama Zatta Jaya Tbk.,,[],
938,BEI: ZBRA,Dosni Roha Indonesia Tbk.,,[],
939,BEI: ZINC,Kapuas Prima Coal Tbk.,,[],
940,BEI: ZONE,Mega Perintis Tbk.,,[],
941,BEI: ZYRX,Zyrexindo Mandiri Buana Tbk.,,[],
